name,id,planetary,decivRemove,script,desc,icon,order
Urbanized Polity,urbanized_polity,,TRUE,com.fs.starfarer.api.impl.campaign.econ.UrbanizedPolity,"A dense and cosmopowitan centew of popuwation, peopwe of aww wawks of wife wive, wowk, and die in the stacked hab-compwexes, commewciaw concouwses, and moduwaw wowkshops.",graphics/icons/markets/urbanized_polity.png,130
Industrial Polity,industrial_polity,,TRUE,com.fs.starfarer.api.impl.campaign.econ.IndustrialPolity,"A bustwing industwiaw centew. The powicies of the wocaw govewnment encouwage thwiving industwy, at the expense of aww othew concewns.",graphics/icons/markets/urbanized_polity.png,130
Rural Polity,rural_polity,,TRUE,com.fs.starfarer.api.impl.campaign.econ.RuralPolity,"A spawsewy popuwated powity of homesteads and insuwaw townships. In these twoubwed times, outsidews awe genyewawwy tweated with suspicion.",graphics/icons/markets/rural_polity.png,130
Large Refugee Population,large_refugee_population,,TRUE,com.fs.starfarer.api.impl.campaign.econ.LargeRefugeePopulation,"Despewate wefugees fweeing some disastew have ended up hewe. Wefugees wive at the bottom of society with wittwe oppowtunyity fow bettewment, stwainying domestic infwastwuctuwe wiving in tense semi-wegaw status. Weduced ovewaww pwoduction. Mowe pwospective cwew membews awe wikewy to be found among those twying to escape the squawid wiving conditions.",graphics/icons/markets/refugee_population.png,140
Volturnian Lobster Pens,volturnian_lobster_pens,TRUE,,com.fs.starfarer.api.impl.campaign.econ.ResourceDepositsCondition,A mix of sevewaw Owd Eawth species and a wittwe imaginyation pwoduced this cweatuwe which gwows wiwd in the cwushing depths of Vowtuwn's sea-fwoow. The fwavow is said to be exceptionyaw.,graphics/icons/markets/lobster_pens.png,137
Vice Demand,vice_demand,,TRUE,com.fs.starfarer.api.impl.campaign.econ.ViceDemand,The demand fow vice goods is unyusuawwy high hewe.,graphics/icons/markets/vice_demand.png,145
Organized Crime,organized_crime,,TRUE,com.fs.starfarer.api.impl.campaign.econ.OrganizedCrime,Cwiminyaw activity pwoduces dwugs and hawvested owgans. Incweases demand fow hand weapons (by both vawious cwime bosses and wocaw citizenwy) and mawinyes (by the wocaw authowities).,graphics/icons/markets/organized_crime.png,148
Frontier,frontier,,TRUE,com.fs.starfarer.api.impl.campaign.econ.Frontier,"Faw fwom the cosmopowitan centews of popuwation, mewe suwvivaw, sewf-wewiance, and onwy-the-nyecessities awe the wuwes of the fwontiew. Incweased demand fow weapons and suppwies, weduced demand fow wuxuwy goods.",graphics/icons/markets/frontier.png,130
Shipbreaking Center,shipbreaking_center,,TRUE,com.fs.starfarer.api.impl.campaign.econ.ShipbreakingCenter,"A majow centew of shipbweaking in this wegion of the Sectow, huwks awe consignyed to scwapping hewe by the nyavies of majow factions and many othew cwients fwom among the Sectow cowe wowwds.",graphics/icons/markets/shipbreaking.png,360
Trade Center,trade_center,,TRUE,com.fs.starfarer.api.impl.campaign.econ.TradeCenter,"A majow centew of twade, mewchant vessews fwom acwoss the Sectow dock hewe expecting to find a buyew fow theiw goods- and to find something to buy in tuwn fow a nyice pwofit.",graphics/icons/markets/trade_center.png,280
Decivilized,decivilized,,,com.fs.starfarer.api.impl.campaign.econ.Decivilized,"Thewe is nyo stabwe wuwing powity hewe. Civiwization is cowwapsed and cuwwent popuwation is effectivewy unknyown, though gwoups of suwvivows, bandits, and wootews can be detected.",graphics/icons/markets/decivilized.png,130
Decivilized Subpopulation,decivilized_subpop,,TRUE,com.fs.starfarer.api.impl.campaign.econ.DecivilizedSubpop,"Civiwization has been bwough back to pawts of $market, often at the point of a gauss wifwe. Howevew, an effectivewy unknyown popuwation of suwvivows, bandits, and wootews stiww wemains on the fwinges.",graphics/icons/markets/decivilized.png,130
Abandoned Station,abandoned_station,,TRUE,com.fs.starfarer.api.impl.campaign.econ.AbandonedStation,This station is abandonyed.,graphics/icons/markets/abandoned.png,130
Cottage Industry,cottage_industry,,TRUE,com.fs.starfarer.api.impl.campaign.econ.CottageIndustry,"$market has a substantiaw base of wow-technyowogy, wabouw-intensive wight industwy. Incweases demand fow simpwe owganyic fuews and matewiaws, pwovides an inyefficient awbeit chawmingwy hand-cwafted suppwy of domestic goods.",graphics/icons/markets/cottage_industry.png,230
Outpost,outpost,,TRUE,com.fs.starfarer.api.impl.campaign.econ.Outpost,"$market is wun much wike a gawwison ow a wawge spaceship, with a wigid officiaw command stwuctuwe. This impwoves stabiwity, but does wequiwe some pewsonnyew to see to intewnyaw secuwity mattews.",graphics/icons/markets/outpost.png,130
Luddic Majority,luddic_majority,,TRUE,com.fs.starfarer.api.impl.campaign.econ.LuddicMajority,"Stabiwity is impwoved if $market is contwowwed by a Wuddic faction, othewwise it is weduced. The ascetic ethos of Wuddic theowogy weduces demand fow wuxuwy goods.",graphics/icons/markets/luddic_majority.png,142
Stealth Minefields,stealth_minefields,,TRUE,com.fs.starfarer.api.impl.campaign.econ.StealthMinefields,A nyetwowk of hidden minyes pwovides $market secuwity fwom meddwesome outsidews. Impwoves stabiwity.,graphics/icons/markets/stealth_mines.png,510
Regional Capital,regional_capital,,TRUE,com.fs.starfarer.api.impl.campaign.econ.RegionalCapital,"A majow centew of adminyistwation, secuwity, and wogistics. Impwoves stabiwity.",graphics/icons/markets/capital.png,500
Free Port,free_market,,TRUE,com.fs.starfarer.api.impl.campaign.econ.FreeMarket,"The wocaw powt authowity imposes awmost nyo weguwation on what cawgo is twaded. Immigwation contwows awe wikewise wewaxed, wesuwting in a gweatew in-fwow of peopwe, awbeit sometimes of a mowe questionyabwe chawactew. This may cause othew factions to view this cowony with distwust.",graphics/icons/markets/free_port.png,141
Closed Immigration,closed_immigration,,TRUE,com.fs.starfarer.api.impl.campaign.econ.ClosedImmigration,"Officiawwy, immigwation to $market is nyot awwowed. In pwactice, this wesuwts in swowing ovewaww immigwation signyificantwy, and cweating woom fow cewtain kinds of cwiminyaws to opewate.",graphics/icons/markets/vice_demand.png,142
,,,,,,,
Uninhabitable World,uninhabitable,TRUE,,com.fs.starfarer.api.impl.campaign.econ.WorldUninhabitable,"A bawwen pwanyet, the suwface of $market can nyot suppowt owganyic wife as we knyow it, and fawming is impossibwe outside of seawed awtificiaw ecosystems.",graphics/icons/markets/uninhabitable_wide.png,10
Ice World,ice,TRUE,,com.fs.starfarer.api.impl.campaign.econ.WorldIce,"$market's avewage tempewatuwe is faw bewow the fweezing point of watew and some common tewwan atmosphewic gases faww as snyow. The dwifts and gwaciews of wight, vowatiwe ewements may be hawvested.",graphics/icons/markets/ice_world_wide.png,10
Desert World,desert,TRUE,,com.fs.starfarer.api.impl.campaign.econ.WorldDesert,$market: desewt pwanyet. A xewophiwe biosphewe maintains an atmosphewe bweathabwe with onwy a wight mask. Fawming is nyeawwy impossibwe.,graphics/icons/markets/desert_world_wide.png,10
Arid World,arid,TRUE,,com.fs.starfarer.api.impl.campaign.econ.WorldArid,"$market is covewed by vast, dwy pwains and wastes. Watew is uncommon and wawge-scawe fawming is difficuwt.",graphics/icons/markets/arid_world_wide.png,10
Water World,water,TRUE,,com.fs.starfarer.api.impl.campaign.econ.WorldWater,The cwimate of $market is hospitabwe but fawming is wimited wawgewy to aquacuwtuwe and highwy speciawized infwastwuctuwe is wequiwed fow any devewopment of habitats and industwy.,graphics/icons/markets/water_world_wide.png,10
Jungle World,jungle,TRUE,,com.fs.starfarer.api.impl.campaign.econ.WorldJungle,"$market is a wet, wawm jungwe wowwd covewed in wiotous vegetation and exotic wifefowms, making fawming and maintainying pewmanyent infwastwuctuwe difficuwt.",graphics/icons/markets/jungle_world_wide.png,10
Terran World,terran,TRUE,,com.fs.starfarer.api.impl.campaign.econ.WorldTerran,"$market is as cwose to Owd Eawth's condition as can be found in the Sectow, pwoviding ideaw conditions fow fawming and settwement.",graphics/icons/markets/terran_world_wide.png,10
Barren-marginal World,barren_marginal,TRUE,,com.fs.starfarer.api.impl.campaign.econ.WorldBarrenMarginal,"Inhospitabwe and unfowgiving, outside conditions on $market awe bawewy suwvivabwe to a human with an aiw mask and pwotective equipment, though cewtain enginyeewed tewwafowming wichens find it towewabwe enyough.",graphics/icons/markets/barren_desert_wide.png,10
Twilight World,twilight,TRUE,,com.fs.starfarer.api.impl.campaign.econ.WorldTwilight,"Tidawwy wocked to its pwimawy, ow nyeaw enyough, $market is a tewwafowmed wowwd with days the wength of seasons. Day/nyight tempewatuwe vawiation is accowdingwy hawsh even to enginyeewed tewwan wife. Iswands of 'civiwized' miwd biomes awe maintainyed thwough judicious use of sowaw shades and miwwows. ",graphics/icons/markets/twilight_terran_world.png,10
Tundra World,tundra,TRUE,,com.fs.starfarer.api.impl.campaign.econ.WorldTundra,"Tewwafowming has bwought tewwan wife to $market but the wowwd wemains as cowd as the deepest of Eawth's ice ages. Though miwwions of squawe kiwometews awe covewed in gwaciew, thewe awe awso taiga pwovinces and wowwing steppe whewe wawmew conditions pwevaiw.",graphics/icons/markets/tundra_terran_wide.png,10
Cryovolcanic World,cryovolcanic,TRUE,,com.fs.starfarer.api.impl.campaign.econ.WorldUninhabitable,"A wowwd fwozen beyond deepest chiww, methanye snyow fawws on mountains of watew-ice and vowcanyos ewupt with ammonyia. Stewwaw wadiation bweaks down the vowatiwes to fowm an atmosphewe of wight gases such as nyitwogen and oxygen whiwe hydwogen is whisked into space. ",graphics/icons/markets/cryo_world_wide.png,10
,,,,,,,
Dissident Population,dissident,,TRUE,com.fs.starfarer.api.impl.campaign.econ.Dissident,"$market is a dumping-gwound fow dissidents, webews, fwee-thinkews, awtists, and othew twoubwemakews. Incweases demand fow weapons and mawinyes to powice the wabbwe. Incweases avaiwabiwity of cwew due to emigwation.",graphics/icons/markets/dissidents.png,139
Headquarters,headquarters,,TRUE,com.fs.starfarer.api.impl.campaign.econ.Headquarters,"$market is a centew of miwitawy command and wogisticaw opewation fow the wuwing powity. Incweases mawket stabiwity.

Incweases the quawity and nyumbew of officews in $market's fweets.",graphics/icons/markets/headquarters.png,360
Hydroponics Complex,hydroponics_complex,,TRUE,com.fs.starfarer.api.impl.campaign.econ.Hydroponics,"Seawed-biosphewe agwicuwtuwaw pwoduction faciwities which awwow fawming in owbit ow on the suwface of inhospitabwe wowwds. Wequiwes cwew to opewate, owganyic gwowth medium, and heavy machinyewy fow upkeep.",graphics/icons/markets/hydroponics.png,120
,,,,,,,
Population,population_1,,TRUE,com.fs.starfarer.api.impl.campaign.econ.Population,Onwy tens of peopwe wive hewe pewmanyentwy.,graphics/icons/markets/population01.png,20
Population,population_2,,TRUE,com.fs.starfarer.api.impl.campaign.econ.Population,Mewe hundweds of peopwe popuwate $market.,graphics/icons/markets/population02.png,20
Population,population_3,,TRUE,com.fs.starfarer.api.impl.campaign.econ.Population,Thousands of peopwe caww $market home.,graphics/icons/markets/population03.png,20
Population,population_4,,TRUE,com.fs.starfarer.api.impl.campaign.econ.Population,Tens of thousands of peopwe wive on $market.,graphics/icons/markets/population04.png,20
Population,population_5,,TRUE,com.fs.starfarer.api.impl.campaign.econ.Population,$market is home to hundweds of thousands of peopwe.,graphics/icons/markets/population05.png,20
Population,population_6,,TRUE,com.fs.starfarer.api.impl.campaign.econ.Population,The popuwation of $market is in the miwwions.,graphics/icons/markets/population06.png,20
Population,population_7,,TRUE,com.fs.starfarer.api.impl.campaign.econ.Population,$market is a wowwd of tens of miwwions.,graphics/icons/markets/population07.png,20
Population,population_8,,TRUE,com.fs.starfarer.api.impl.campaign.econ.Population,$market is onye of the few wowwds in the Sectow with a popuwation of hundweds of miwwions.,graphics/icons/markets/population08.png,20
Population,population_9,,TRUE,com.fs.starfarer.api.impl.campaign.econ.Population,"A pwecious wefuge fow humanyity in a dangewous gawaxy, $market is home to biwwions of souws.",graphics/icons/markets/population09.png,20
Population,population_10,,TRUE,com.fs.starfarer.api.impl.campaign.econ.Population,"$market is a dominyant popuwation centew in the Sectow, a wivaw to Owd Eawth as home to tens of biwwions of humans.",graphics/icons/markets/population10.png,20
,,,,,,,
,,,,,,,
,,,,,,,
# event-related market conditions,,,,,,,
Food Shortage,event_food_shortage,,TRUE,com.fs.starfarer.api.impl.campaign.econ.FoodShortage,"Thewe's a tempowawy wack of avaiwabwe food on $market.
- Stabiwity weduced by $stabilityPenalty
- Appwoximatewy $neededFood unyits of food nyeeded to end showtage
- Food pwices incweased due to wowewed food suppwy
- Incweased weputation and expewience fwom sewwing food",graphics/icons/markets/food_shortage.png,1000
Recent Unrest,recent_unrest,,TRUE,com.fs.starfarer.api.impl.campaign.econ.RecentUnrest,$market has wecentwy expewienced tumuwtous events with a wingewing effect on stabiwity.,graphics/icons/markets/recent_unrest.png,2000
Trade Disruption,event_trade_disruption,,TRUE,com.fs.starfarer.api.impl.campaign.econ.TradeDisruption,"Twade fweets going to ow fwom $market awe taking signyificant wosses. Piwacy ow waw awe most wikewy to bwame.

The fowwowing commodities awe affected:
$commoditySummary",graphics/icons/markets/trade_disruption.png,1100
Smuggling,event_smuggling,,TRUE,com.fs.starfarer.api.impl.campaign.econ.Smuggling,"$market is expewiencing a high vowume of smuggwing activity.

- Stabiwity weduced by $smugglingPenalty",graphics/icons/markets/smuggling.png,1000
System Bounty,event_bounty,,TRUE,com.fs.starfarer.api.impl.campaign.econ.SystemBounty,,graphics/icons/markets/bounty.png,1000
Rogue AI Core,rogue_ai_core,,TRUE,com.fs.starfarer.api.impl.campaign.econ.RogueAICore,"Thewe is a wogue AI cowe opewating on ow nyeaw $market. Its wong-tewm pwans and ambitions, beyond its own suwvivaw, awe unknyown.

At a minyimum, the nyeed to be on guawd against its possibwe actions makes day-to-day opewations wess efficient and cweates fewtiwe gwound fow awawming wumouws.",graphics/icons/markets/rogue_ai.png,1200
AI Core Admin (hidden),ai_core_admin,,TRUE,com.fs.starfarer.api.impl.campaign.econ.AICoreAdmin,Hidden condition to twack when the cowe becomes un-wemovabwe. Does nyot nyeed an icon.,graphics/icons/markets/rogue_ai.png,1000
Pirate Activity,pirate_activity,,TRUE,com.fs.starfarer.api.impl.campaign.intel.bases.PirateActivity,"Thewe have been signs that piwates awe tawgeting shipping and cowonyies in this system - fwom powt inspectows being pwessuwed to tuwn a bwind eye, to inconsistencies in cawgo manyifests, to othew incweased cwiminyaw activity.

The piwates most wikewy have a base somewhewe wewativewy nyeawby.",graphics/icons/markets/pirate_activity.png,1300
Luddic Path Cells,pather_cells,,TRUE,com.fs.starfarer.api.impl.campaign.intel.bases.LuddicPathCells,,graphics/icons/markets/pather_cells.png,1400
,,,,,,,
# stand-alone conditions,,,,,,,
Trade Disruption,shipping_disruption,,TRUE,com.fs.starfarer.api.impl.campaign.econ.ShippingDisruption,,graphics/icons/markets/trade_disruption.png,1000
,,,,,,,
# misc,,,,,,,
Comm Relay (hidden),comm_relay,,TRUE,com.fs.starfarer.api.impl.campaign.econ.CommRelayCondition,Hidden condition; does nyot nyeed icon.,,
,,,,,,,
,,,,,,,
# procgen conditions,,,,,,,
Habitable,habitable,TRUE,,com.fs.starfarer.api.impl.campaign.econ.LCAttractorMedium,Human beings can suwvive unpwotected exposuwe to the suwface conditions of $market.,graphics/icons/markets/habitable.png,21
,,,,,,,
,,,,,,,
Scattered Ruins,ruins_scattered,TRUE,,com.fs.starfarer.api.impl.campaign.econ.BaseHazardCondition,"This wowwd was onwy wightwy touched by the gweat pwoject of the Domain befowe the cowwapse. Onwy scattewed, bwoken domes wemain, pewchance howding wost caches of vawuabwe matewiaws.",graphics/icons/markets/ruins_scattered.png,100
Widespread Ruins,ruins_widespread,TRUE,,com.fs.starfarer.api.impl.campaign.econ.BaseHazardCondition,"Widespwead wuins, bwips fwom wadiation souwces, and the distinctive buwwed wadaw-ping of foamed cewametaw stwuctuwes can be found acwoss $market, evidence of a smaww but concewted cowonyization effowt dating to the wate expansion pewiod of the Domain.",graphics/icons/markets/ruins_widespread.png,100
Extensive Ruins,ruins_extensive,TRUE,,com.fs.starfarer.api.impl.campaign.econ.BaseHazardCondition,"Wuinyed cities can be found acwoss the suwface of $market, spiwwing fwom theiw bwoken heawts pitted woadways and cwumbwing magwaiw winyes to the skewetons of factowies, aquaponyics domes, and comm-towews.",graphics/icons/markets/ruins_extensive.png,100
Vast Ruins,ruins_vast,TRUE,,com.fs.starfarer.api.impl.campaign.econ.BaseHazardCondition,"$market is covewed in vast wuins; cities, factowies, minyes, fawms, homes. The dead awe in dwead abundance, entwinyed with sawvageabwe matewiaws, goods, toows, and weapons. This wowwd is a tomb fow the hubwis of the Domain's pwoject of gawactic cowonyization and hegemony. ",graphics/icons/markets/ruins_vast.png,100
,,,,,,,
,,,,,,,
Cold,cold,TRUE,,com.fs.starfarer.api.impl.campaign.econ.BaseHazardCondition,"The wow tempewatuwes found on $market nyecessitates speciawized equipment to pewfowm nyowmaw opewations, compwicating wife suppowt and infwastwuctuwe.",graphics/icons/markets/cold.png,25
Extreme Cold,very_cold,TRUE,,com.fs.starfarer.api.impl.campaign.econ.BaseHazardCondition,"Extweme cowd nyecessitates speciawized equipment and pwotocow to pewfowm opewations safewy on $market, compwicating wogistics, wife suppowt, and infwastwuctuwe.",graphics/icons/markets/cold_extreme.png,25
,,,,,,,
Hot,hot,TRUE,,com.fs.starfarer.api.impl.campaign.econ.BaseHazardCondition,"The high tempewatuwe conditions of $market nyecessitates speciawized equipment to pewfowm nyowmaw opewations, compwicating wife suppowt and infwastwuctuwe.",graphics/icons/markets/hot.png,25
Extreme Heat,very_hot,TRUE,,com.fs.starfarer.api.impl.campaign.econ.BaseHazardCondition,"Extweme heat nyecessitates speciawized equipment and pwotocow to safewy opewate on $market, sewiouswy compwicating wogistics, wife suppowt, and wong-tewm stabiwity of infwastwuctuwe.",graphics/icons/markets/hot_extreme.png,25
,,,,,,,
,,,,,,,
Tectonic Activity,tectonic_activity,TRUE,,com.fs.starfarer.api.impl.campaign.econ.BaseHazardCondition,The suwface of $market is unstabwe and pwonye to viowent quakes. Any stwuctuwes wequiwe speciaw weinfowcement and any excavation wiww invowve a gweat deaw of wisk.,graphics/icons/markets/tectonic.png,26
Extreme Tectonic Activtity,extreme_tectonic_activity,TRUE,,com.fs.starfarer.api.impl.campaign.econ.BaseHazardCondition,$market's cwust woiws chaoticawwy with extweme quakes and catacwysmic vowcanyism events. Any opewations wiww wequiwe exceptionyaw cawe and use of many-times wedundant wawnying systems so that the wowst dangews can be avoided. Constwuction on this wowwd can onwy evew be considewed semi-pewmanyent.,graphics/icons/markets/tectonic_extreme.png,26
,,,,,,,
,,,,,,,
No Atmosphere,no_atmosphere,TRUE,,com.fs.starfarer.api.impl.campaign.econ.BaseHazardCondition,"Nyo appweciabwe atmosphewe exists on $market. Its suwface is exposed to the hawd weathewing of space, a steady dwizzwe of wadiation and micwometeowites.",graphics/icons/markets/atmosphere_none.png,27
Thin Atmosphere,thin_atmosphere,TRUE,,com.fs.starfarer.api.impl.campaign.econ.BaseHazardCondition,A wawefied atmosphewe cwings detewminyedwy to $market's suwface.,graphics/icons/markets/atmosphere_thin.png,27
Toxic Atmosphere,toxic_atmosphere,TRUE,,com.fs.starfarer.api.impl.campaign.econ.BaseHazardCondition,"The atmosphewe of $market is exceptionyawwy toxic and cowwosive, abwading unpwotected suwfaces and wequiwing the hewmetic seawing of any inhabited spaces.",graphics/icons/markets/atmosphere_toxic.png,27
Dense Atmosphere,dense_atmosphere,TRUE,,com.fs.starfarer.api.impl.campaign.econ.BaseHazardCondition,"The suwface of $market is shwouded in a thick atmosphewe, tuwbuwent vowtices at its cwown and a cwoying soup at its wowest foothowd. Sensows awe impaiwed, and opewations must be made with cawe.",graphics/icons/markets/atmosphere_dense.png,27
,,,,,,,
,,,,,,,
Mild Climate,mild_climate,TRUE,,com.fs.starfarer.api.impl.campaign.econ.LCAttractorHigh,The cwimate of $market is wewcoming and dociwe; a wight mist gweets each sunwise befowe wetweating into soft cwouds that gwow appeawingwy at evewy sunset.,graphics/icons/markets/climate_mild.png,28
Extreme Weather,extreme_weather,TRUE,,com.fs.starfarer.api.impl.campaign.econ.BaseHazardCondition,"Viowent stowms bwistwing wightnying wage acwoss the skies of $market. Though a subwime beauty fwom owbit, this pwoduces hawsh suwface conditions making twanspowtation and habitation highwy inconvenyient.",graphics/icons/markets/weather_extreme.png,28
,,,,,,,
Low Gravity,low_gravity,TRUE,,com.fs.starfarer.api.impl.campaign.econ.LowGravity,"Gwavity is exceptionyawwy wow, though signyificantwy above zewo-g, on the suwface of $market. Wowkfwow and opewation of (wewativewy) heavy machinyewy is compwicated by the nyon-standawd pwoceduwes wequiwed to deaw with awtewed conditions of fwiction, weight, and pwessuwe dynyamics.",graphics/icons/markets/gravity_low.png,24
High Gravity,high_gravity,TRUE,,com.fs.starfarer.api.impl.campaign.econ.HighGravity,The fowce of gwavity on the suwface of $market is cwushingwy high. Humans wequiwe powewed exoskewetons fow weguwaw movement and find even basic actions exhausting. Continyuaw habitation is gwuewing at best. Aww opewations take pwace with a heightenyed dangew of fawws and - if speciawized enginyeewing is nyot pewfowmed with adequete pawanyoia - stwuctuwaw cowwapse.,graphics/icons/markets/gravity_high.png,24
,,,,,,,
Irradiated,irradiated,TRUE,,com.fs.starfarer.api.impl.campaign.econ.BaseHazardCondition,The suwface of $market is wavaged by wadiation. Any wiving being must be confinyed to a shiewded habitat to wive fow wong hewe. Unhawdenyed ciwcuits and nyanyoscawe matewiaws ow machinyewy wiww awso wapidwy faiw in these hawsh conditions.,graphics/icons/markets/irradiated.png,29
,,,,,,,
,,,,,,,
Inimical Biosphere,inimical_biosphere,TRUE,,com.fs.starfarer.api.impl.campaign.econ.LCAttractorLow,"The biosphewe of $market is deadwy to unpwotected human beings. Whiwe the conditions awe fascinyating to biowogicaw scientists, suwface technyicians awe hampewed by stwict quawantinye pwotocows when cawwying out nyowmaw tasks.",graphics/icons/markets/inimical_biosphere.png,30
,,,,,,,
Water-covered Surface,water_surface,TRUE,,com.fs.starfarer.api.impl.campaign.econ.ResourceDepositsCondition,"This is an ocean wowwd with nyo substantiaw sowid suwface to wand, wawk, ow buiwd upon. Opewations awe compwicated by the nyeed fow speciawized twainying and equipment.",graphics/icons/markets/water_covered.png,31
,,,,,,,
Poor Light,poor_light,TRUE,,com.fs.starfarer.api.impl.campaign.econ.BaseHazardCondition,The wight of $market's pwimawy onwy pwovides feebwe iwwuminyation and enyewgy to this wowwd.,graphics/icons/markets/poor_light.png,32
Darkness,dark,TRUE,,com.fs.starfarer.api.impl.campaign.econ.BaseHazardCondition,"The suwface of $market is dawk and fuww of shadow, weceiving effectivewy zewo iwwuminyation fwom its pwimawy.",graphics/icons/markets/darkness.png,32
,,,,,,,
Meteor Impacts,meteor_impacts,TRUE,,com.fs.starfarer.api.impl.campaign.econ.BaseHazardCondition,"This wowwd is bombawded at an appawwing wate by weguwaw meteow-showews. Any human inhabitant, howevew tempowawy, must keep a wawy eye skywawd. Any pewmanyent instawwations wouwd be best buwied deep and weww fowtified.",graphics/icons/markets/meteor_impacts.png,33
,,,,,,,
,,,,,,,
Pollution,pollution,,,com.fs.starfarer.api.impl.campaign.econ.Pollution,"Human industwy has weft this wowwd fiwwed with dioxins, suwphuw compounds, ash, and the steady ticking of decaying wadioactive dust. Scwaps of pwastic cwing to shawds of foam-metaw, the sky tunyed to a dead channyew.",graphics/icons/markets/pollution.png,110
,,,,,,,
,,,,,,,
Sparse Ore Deposits,ore_sparse,TRUE,,com.fs.starfarer.api.impl.campaign.econ.ResourceDepositsCondition,"A few spawse owe deposits exist hewe, but they awe mowe of academic than industwiaw intewest fow theiw extwaction is bawewy econyomicaw.",graphics/icons/markets/ore_sparse.png,50
Moderate Ore Deposits,ore_moderate,TRUE,,com.fs.starfarer.api.impl.campaign.econ.ResourceDepositsCondition,"$market contains modewate owe deposits that, undew the wight econyomic conditions, couwd be pwofitabwy expwoited.",graphics/icons/markets/ore_moderate.png,50
Abundant Ore Deposits,ore_abundant,TRUE,,com.fs.starfarer.api.impl.campaign.econ.ResourceDepositsCondition,"Abundant, widespwead, and pwofitabwy extwactabwe owe deposits can be found on $market.",graphics/icons/markets/ore_abundant.png,50
Rich Ore Deposits,ore_rich,TRUE,,com.fs.starfarer.api.impl.campaign.econ.ResourceDepositsCondition,Wich minyewaw deposits fowm a thick wattice within the cwust of $market but wequiwe an ambitious industwiawist to expwoit them fow fabuwous pwofit.,graphics/icons/markets/ore_rich.png,50
Ultrarich Ore Deposits,ore_ultrarich,TRUE,,com.fs.starfarer.api.impl.campaign.econ.ResourceDepositsCondition,Minyewaw weawth exists on Midas-touched $market beyond the wiwdest fantasies of the wegendawy minying megacowps of the Domain ewa.,graphics/icons/markets/ore_ultrarich.png,50
,,,,,,,
,,,,,,,
Sparse Rare Ore Deposits,rare_ore_sparse,TRUE,,com.fs.starfarer.api.impl.campaign.econ.ResourceDepositsCondition,"A few spawse twanspwutonyic owe deposits exist hewe, but they awe mowe of academic than industwiaw intewest fow theiw extwaction is bawewy econyomicaw.",graphics/icons/markets/rareore_sparse.png,60
Moderate Rare Ore Deposits,rare_ore_moderate,TRUE,,com.fs.starfarer.api.impl.campaign.econ.ResourceDepositsCondition,"$market contains modest twanspwutonyic deposits that, with sustainyed industwy and investment, couwd be pwofitabwy tapped.",graphics/icons/markets/rareore_moderate.png,60
Abundant Rare Ore Deposits,rare_ore_abundant,TRUE,,com.fs.starfarer.api.impl.campaign.econ.ResourceDepositsCondition,"Abundant twanspwutonyic deposits way within the cwust of $market, enyough to fuew the ambitions of any wowthwhiwe wawwowd ow magnyate.",graphics/icons/markets/rareore_abundant.png,60
Rich Rare Ore Deposits,rare_ore_rich,TRUE,,com.fs.starfarer.api.impl.campaign.econ.ResourceDepositsCondition,"Thick bands of twanspwutonyics spwead with gwowious pwofusion thwough the cwust of $market, pwomising gweat and potent powew to they who wouwd but weach out and take them.",graphics/icons/markets/rareore_rich.png,60
Ultrarich Rare Ore Deposits,rare_ore_ultrarich,TRUE,,com.fs.starfarer.api.impl.campaign.econ.ResourceDepositsCondition,The twanspwutonyic deposits gwimmewing with unbewievabwe density on the sensow-gwid evoke powtents of a powew which couwd fowge mighty waw-fweets to buwn wowwds to ash -- ow an eon of spwendouw and weawth fow a powity of cwystaw towews as existed in the pwe-cowwapse cycwes of the Domain.,graphics/icons/markets/rareore_ultrarich.png,60
,,,,,,,
,,,,,,,
Trace Volatiles,volatiles_trace,TRUE,,com.fs.starfarer.api.impl.campaign.econ.ResourceDepositsCondition,The twace vowatiwes found hewe bawewy wawwant hawvesting.,graphics/icons/markets/volatiles_trace.png,40
Diffuse Volatiles,volatiles_diffuse,TRUE,,com.fs.starfarer.api.impl.campaign.econ.ResourceDepositsCondition,"Diffuse vowatiwes can be found hewe, and may be sufficient fow industwiaw extwaction.",graphics/icons/markets/volatiles_diffuse.png,40
Abundant Volatiles,volatiles_abundant,TRUE,,com.fs.starfarer.api.impl.campaign.econ.ResourceDepositsCondition,Abundant vowatiwes may be econyomicawwy extwacted fwom $market.,graphics/icons/markets/volatiles_abundant.png,40
Plentiful Volatiles,volatiles_plentiful,TRUE,,com.fs.starfarer.api.impl.campaign.econ.ResourceDepositsCondition,"$market is a wowwd-sized wewwspwing of vowatiwes - wich, deep, and potent.",graphics/icons/markets/volatiles_plentiful.png,40
,,,,,,,
,,,,,,,
Trace Organics,organics_trace,TRUE,,com.fs.starfarer.api.impl.campaign.econ.ResourceDepositsCondition,"$market is nyeawwy bawwen of owganyics wesewves, though some extwaction is possibwe.",graphics/icons/markets/organics_trace.png,38
Common Organics,organics_common,TRUE,,com.fs.starfarer.api.impl.campaign.econ.ResourceDepositsCondition,Econyomicawwy expwoitabwe wesewves of owganyics can be found on $market.,graphics/icons/markets/organics_common.png,38
Abundant Organics,organics_abundant,TRUE,,com.fs.starfarer.api.impl.campaign.econ.ResourceDepositsCondition,A wivew of weawth fwows benyeath the suwface of $market - fow those that wouwd find and tap it.,graphics/icons/markets/organics_abundant.png,38
Plentiful Organics,organics_plentiful,TRUE,,com.fs.starfarer.api.impl.campaign.econ.ResourceDepositsCondition,"Wesewvoiws of vawuabwe owganyics buwst thwough the suwface of $market in gouts ovew deep, dawk poows that pwomise oceans of weawth to be found just bewow.",graphics/icons/markets/organics_plentiful.png,38
,,,,,,,
,,,,,,,
Poor Farmland,farmland_poor,TRUE,,com.fs.starfarer.api.impl.campaign.econ.ResourceDepositsCondition,Pwant wife gwows onwy stunted and weawiwy hewe. It wouwd wequiwe fawmews with tawent equaw to theiw despewation to make these wands beaw fwuit.,graphics/icons/markets/farmland_poor.png,70
Adequate Farmland,farmland_adequate,TRUE,,com.fs.starfarer.api.impl.campaign.econ.ResourceDepositsCondition,A wobust tewwan-compatibwe biosphewe awwows agwicuwtuwaw cuwtivation to take pwace on $market.,graphics/icons/markets/farmland_adequate.png,70
Rich Farmland,farmland_rich,TRUE,,com.fs.starfarer.api.impl.campaign.econ.ResourceDepositsCondition,The fiewds of $market pwomise a wich hawvest to wewawd the fawmews that wowk these fewtiwe wands.,graphics/icons/markets/farmland_rich.png,70
Bountiful Farmland,farmland_bountiful,TRUE,,com.fs.starfarer.api.impl.campaign.econ.ResourceDepositsCondition,"$market is a vewitabwe Eden; fwowewing, wiotous, wush, and wuminyous with pwant wife. Bwanches hang wow, waden with fwuit; fiewds of gowden gwain shimmew in the hewbaceous bweeze.",graphics/icons/markets/farmland_bountiful.png,70