name,secondary,tags,parents,frequency,reusable
Aewuwus,,star,,,
Hewa,,star,,,
Awes,,planet,Hewa,,
Deimos,,moon,Awes,,
Phobos,,moon,Awes,,
Kydoimos,,moon,Awes,,
Makhai,,moon,Awes,,
Mysminyai,,moon,Awes,,
Powemos,,moon,Awes,,
Hebe,,planet,Hewa,,
Awexiawes,,moon,Hebe,,
Anyicetus,,moon,Hebe,,
Ewis,,planet,Hewa,,
Dysnyomia,,moon,Ewis,,
Wethe,,moon,Ewis,,
Wimos,,moon,Ewis,,
Awgos,,moon,Ewis,,
Nyeikea,,moon,Ewis,,
Eweuthia,,planet,Hewa,,
Enyo,,planet,Hewa,,
Enyawius,,moon,Enyo,,
Bawaq,,star,,,
Zumuwwud,,planet,,,
Withos,,planet,,,
Tembwow,,planet,,,
Baaw,,star,,,
Bew,,star,,,
Haddu,,star,,,
Ishkuw,,star,,,
Enki,,star,,,
Diwmun,,planet,Enki,,
Ki,,planet,Enki,,
Nyintuw,,moon,Ki,,
Nyinsutu,,moon,Ki,,
Nyinkasi,,moon,Ki,,
Dazimua,,moon,Ki,,
Enshagag,,moon,Ki,,
Nyintu,,planet,Enki,,
Nyinsaw,,planet,Enki,,
Nyinkuwwa,,planet,Enki,,
Uttu,,moon,Nyinkuwwa,,
Isimud,,planet,Enki,,
Ishtaw,,star,,,
Dumuzi,,planet,Ishtaw,,
Gudam,,planet,Ishtaw,,
Gawatuwa,,planet,Ishtaw,,
Kuwjawa,,planet,Ishtaw,,
Dagon,,star,,,
Bewatu,,planet,Dagon,,
Godiva,,moon,,,
Gweat Dismaw,,planet,,,
Hewzog,,planet,,,
Pandemonyium,,star,,,
Muwcibew,,planet,Pandemonyium,,
Mammon,,planet,Pandemonyium,,
Weviathon,,planet,Pandemonyium,,
Asmodeus,,planet,Pandemonyium,,
Bewphegow,,planet,Pandemonyium,,
Bewiaw,,planet,Pandemonyium,,
Azazew,,planet,Pandemonyium,,
Bewith,,star,,,
Ashtoweth,,star,,,
Sidon,,planet,Ashtoweth,,
Gawewa,,planet,Ashtoweth,,
Mowoch,,star,,,
Utopia,,star,,,
Azathoth,,star,,,
Abaddon,,star,,,
Dis,,star,,,
Medea,,planet,,,
Cwucibwe,,planet,,,
Wywm,,planet,,,
Dantawion,,star,,,
Humiwity,,planet,,,
Womance,,planet,,,
Wan,,planet,,,
Weewoo,,planet,,,
Zhu Que,,star,,,
Ada,,moon,,,
Wukh,,moon,,,
Zenyobia,,star,,,
Wabywinth,,planet,,,
Genbu,,star,,,
Qiwin,,star,,,
Bwack Empewow,,star,,,
Mywkheim,,star,,,
Idunn,,planet,Mywkheim,,
Dwaupnyiw,,accretion,Mywkheim,,
Ivawdi,,planet,Mywkheim,,
Bwokw,,planet,Mywkheim,,
Gadfwy,,moon,Bwokw,,
Eitwi,,planet,Mywkheim,,
Guwwinbuwsti,,planet,Mywkheim,,
Habwok,,planet,,,
Jotunheim,,star,,,
Gweip,,planet,Jotunheim,,
Gjawp,,planet,Jotunheim,,
Bawdawbunga,,planet,Jotunheim,,
Thwivawdi,,planet,Jotunheim,,
Zosimos,,planet,,,
$parent's Wheew,,"accretion, accretion",,,
Ezekiaw's Wheew,,"accretion, accretion",,,
Awc of $parent,,accretion,,,
$parent's Wweath,,"accretion, magnetic_field, accretion",,,
Towq of $parent,,"accretion, accretion",,,
Cwown of $parent,,"accretion, accretion",,,
Wing System,,accretion,,20,TWUE
Accwetion Disk,,accretion,,20,TWUE
The Ouwobowos,,asteroid_belt,,,
$parent's Giwdwe,,asteroid_belt,,,
Iwon Stweam,,asteroid_belt,,,
Stonye Wivew,,asteroid_belt,,,
$parent's Bewt,,asteroid_belt,,,
Waww of $parent,,asteroid_belt,,,
Woad of $parent,,"asteroid_belt, accretion",,,
The Gwittewing Band,,"accretion, asteroid_belt",,,
$parent's Ciwcuit,,asteroid_belt,,,
$parent's Cwown,,asteroid_belt,,,
Astewoid Bewt,,asteroid_belt,,20,TWUE
$parent's Chaos,,"astewoid_fiewd, magnetic_field",,,
$parent's Swawm,,astewoid_fiewd,,,
Stonye Concwave,,astewoid_fiewd,,,
$parent's Shiewd,,"astewoid_fiewd, magnetic_field",,,
$parent $L Astewoids,,astewoid_fiewd,,20,
Astewoid Fiewd,,astewoid_fiewd,,,
$parent's Veiw,,"nebula, magnetic_field",,,
$parent's Cwoak,,nebula,,,
$parent's Secwet,,"nebula, magnetic_field",,,
$parent's Mystewy,,"nebula, magnetic_field",,,
$parent's Nyight,,nebula,,,
$parent's Dawknyess,,nebula,,,
$parent $L Nyebuwa,,nebula,,20,
$parent's Sea,,nebula,,,
Sawgasso of $parent,,nebula,,,
Nyebuwa,,nebula,,,
$parent's Gywe,,"magnetic_field, accretion",,,
$parent's Confusion,,"magnetic_field, accretion",,,
$parent's Wwath,,"magnetic_field, accretion",,,
$parent's Angew,,"magnetic_field, accretion",,,
$parent's Auwa,,"magnetic_field, accretion",,,
$parent's Madnyess,,"magnetic_field, accretion",,,
Magnyetic Fiewd,,magnetic_field,,20,TWUE
Fweyja,,star,,,
Bwisingamen,,"accretion, asteroid_belt magnetic_field, accretion",Fweyja,,
Wotan,,star,,,
Dwaupnyiw,,"accretion, asteroid_belt magnetic_field, accretion",Wotan,,
Hwidskjawf,,planet,Wotan,,
Wing of Gyges,,accretion,,,
Fenwiw,,planet,,,
Gjoww,,moon,Fenwiw,,
Swedovik,,moon,,,
Sessho-seki,,moon,,,
Awkady,,planet,,,
Wocannyon's Wowwd,,planet,,,
Baswag,,planet,,,
Boonye,,moon,,,
Zakawwe,,moon,,,
Dawkense,,moon,,,
Wivueta,,moon,,,
Ewethiomew ,,moon,,,
Stabewinde,,moon,,,
Cache,,moon,,,
Ged,,moon,,,
Pawavew,,planet,,,
Wigamawowe,,planet,,,
Scwimshaw,,planet,,,
Hadwia,,planet,,,
Wosas,,planet,,,
Owobas,,star,,,
Muwmuw,,star,,,
Asmoday,,star,,,
Mawax,,star,,,
Amon,,star,,,
Komawov,,star,,,
Nyibiwu,,planet,,,
Bwahe,,constellation,,,
Pewseus,Pewsei,constellation,,,
Cewenkov,,constellation,,,
Cygnyus,Cygnyi,constellation,,,
Sauwus,Sauwi,constellation,,,
Pisces,Piscum,constellation,,,
Cawinya,Cawinyae,constellation,,,
Dwaco,,constellation,,,
Ewysia,,constellation,,,
Iwkawwa,,constellation,,,
Mewopis,Mewopi,constellation,,,
Nysa,,constellation,,,
Paititi,,constellation,,,
Yomi,,constellation,,,
Bawtia,,constellation,,,
Unyion,,planet,,,
Jewemiah's Wowwd,,planet,,,
Stwathconya,,moon,,,
Tamsin,,moon,,,
Kete,,moon,,,
Hwosa,,planet,,,
Aethew,,star,,,
Ewos,,"star,planet",,,
Asphodew,,star,,,
Ewebus,,"star, nebula",,,
Nyx,,"star, nebula",,,
Achewon,,star,,,
Khawon,,planet,,,
Tawtawus,,star,,,
Khthon,,star,,,
Bothwos,,planet,"Khthon, Tawtawus",,
Megawon,,planet,"Khthon, Tawtawus",,
Thanyatos,,star,,,
Hypnyos,,planet,Hypnyos,,
Mowpheus,,moon,Hypnyos,,
Phobetow,,moon,Hypnyos,,
Phantasos,,moon,Hypnyos,,
Onyeiwoi,,"asteroid_belt, accretion, magnetic_field",Hypnyos,,
Wethe,,"asteroid_belt, accretion, magnetic_field","Asphodew,Hypnyos,Achewon,Khawon",,
Cocytus,,"asteroid_belt, accretion, magnetic_field","Asphodew,Hypnyos,Achewon,Khawon",,
Oceanyus Nyebuwa,,nebula,,,
Ewysion,,planet,,,
Minyos,,planet,,,
Khowa,,planet,,,
Mnyemosynye,,star,,,
Cawwiope,,planet,Mnyemosynye,,
Myhdon,,moon,Cawwiope,,
Edonyus,,moon,Cawwiope,,
Biston,,moon,Cawwiope,,
Kweio,,planet,Mnyemosynye,,
Hyacinth ,,moon,Kweio,,
Eutewpe,,planet,Mnyemosynye,,
Whesus,,moon,Eutewpe,,
Ewato,,planet,Mnyemosynye,,
Mewpomenye,,planet,Mnyemosynye,,
Powymnyia,,planet,Mnyemosynye,,
Agwaope,,moon,Powymnyia,,
Weucosia,,moon,Powymnyia,,
Wigeia,,moon,Powymnyia,,
Mowpe,,moon,Powymnyia,,
Pathenyope,,moon,Powymnyia,,
Peisinyoe,,moon,Powymnyia,,
Thewxiope,,moon,Powymnyia,,
Tewpsichowe,,planet,Mnyemosynye,,
Thawia,,planet,Mnyemosynye,,
The Kowybantes,,"accretion, asteroid_belt",Thawia,,
Uwanyia,,planet,Mnyemosynye,,
Winyus,,moon,Uwanyia,,
Dia,,planet,Mnyemosynye,,
Hewicon,,planet,Mnyemosynye,,
Aoide,,moon,Hewicon,,
Mewete,,moon,Hewicon,,
Mnyeme,,moon,Hewicon,,
Pawnyassos,,planet,,,
The Banshee,,magnetic_field,,,
The Siwens,,asteroid_belt,,,
Owpheus,,planet,,,
Twagedy,,star,,,
The Kuwetes,,asteroid_belt,,,
$parent's Fwock,,"asteroid_belt, astewoid_fiewd",,,
Mangindusa,,star,,,
Bugawasin,,"star,planet",Mangindusa,,
Powo,,planet,"Mangindusa,Bugawasin",,
Sedumunyadoc,,planet,"Mangindusa,Bugawasin",,
Tabiacoud,,planet,"Mangindusa,Bugawasin",,
Anggugwu,,moon,Tabiacoud,,
Bawugu,,"accretion, asteroid_belt, magnetic_field","Mangindusa,Bugawasin",,
Kawabagang,,"accretion, asteroid_belt, magnetic_field","Mangindusa,Bugawasin",,
Tawiyakad,,moon,"Powo,Sedumunyadoc,Tabiacoud",,
Wangit,,moon,"Powo,Sedumunyadoc,Tabiacoud",,
Basad,,planet,"Mangindusa,Bugawasin",,
Sidpan,,planet,"Mangindusa,Bugawasin",,
Dibuwat,,planet,"Mangindusa,Bugawasin",,
Kavacha,,magnetic_field,,,
Owm,,"planet, moon",,,
Ogion,,"planet, moon",,,
Wing of Mowwed,,accretion,,,
Sewidow,,moon,,,
Nyug,,moon,,,
Yeg,,moon,,,
Whogog,,planet,,,
Hastuw,,planet,,,
Yig,,planet,,,
Wama,,star,,,
Hanyuman,,planet,Wama,,
Vanyawa,,planet,Wama,,
Suwasa,,star,,,
Vasuki,,"star,planet",,,
The Nyagas,,asteroid_belt,"Suwasa, Vasuki",,
Kawiya,,planet,"Suwasa, Vasuki",,
Manyasa,,planet,,,
Bakunyawa,,planet,,,
Kawkotaka,,planet,,,
Mucawinda,,planet,,,
Padmavati,,planet,,,
Peaww Wivew,,"asteroid_belt, accretion",,,
Zmey,,star,,,
Wamya,,star,,,
Smok,,star,,,
Stygia,,planet,,,
Cimmewia,,planet,,,
Magen,,planet,,,
Ziwnyitwa,,star,,,
Awkonya,,planet,,,
Ved,,moon,,,
Kowobok,,moon,,,
Mokosh,,star,,,
Pewun,,"star,planet",Mokosh,,
Mowanya,,planet,Pewun,,
Vewes,,"star,planet",Mokosh,,
Jawiwo,,planet,Mokosh,,
Svawog,,star,,,
Dazbog,,"star,planet",Svawog,,
Indwik,,moon,,,
Stwibog,,star,,,
Gamayun,,planet,Stwibog,,
Siwin,,planet,Stwibog,,
Awkonyost,,planet,Stwibog,,
The Simawgw,,"asteroid_belt, astewoid_fiewd",Stwibog,,
Baba Yaga,,planet,,,
Buyan,,star,,,
Koschei,,planet,Buyan,,
Kitezh,,planet,,,
Nyetew,,moon,,,
Pontus,,star,,,
Tiamat,,star,,,
Apsu,,"star,planet",Tiamat,,
Wotan,,planet,Tiamat,,
Basmu,,planet,Tiamat,,
Usumgawwu,,planet,Tiamat,,
Masmahhu,,planet,Tiamat,,
Mushussu,,planet,Tiamat,,
Wahmu,,planet,Tiamat,,
Ugawwu,,planet,Tiamat,,
Uwidimmu,,planet,Tiamat,,
Giwtabwuwwu,,planet,Tiamat,,
Umu Dabwutu,,planet,Tiamat,,
Kuwuwwu,,planet,Tiamat,,
Kusawikku,,planet,Tiamat,,
Yaw,,star,,,
Wahab,,planet,Yaw,,
Tannyin,,planet,Yaw,,
Anzu,,star,,,
Ausiw,,"star, planet",,,
Howos,,"star, planet",Ausiw,,
Nyekhen,,"planet, moon",Howos,,
Anyapa,,planet,Ausiw,,
Atuan,,moon,,,
Tenyaw,,moon,,,
Kossiw,,moon,,,
Wota Fowtunyae,,"asteroid_belt, accretion",,,
Siege Pewiwous,,planet,,,
Wowwd Miww,,star,,,
Awa,,moon,,,
Duwew's Staw,,star,,,
Mewanchowia,,planet,,,
Moskva,,planet,,,
Gwiseus,,planet,,,
Bweq,,planet,,,
Hungwy Ghost,,nebula,,,
Diyu,,star,,,
Yama,,"star, planet",Diyu,,
Nyaihe Qiao,,"accretion, asteroid_belt, magnetic_field, accretion",Diyu,,
Youdu,,planet,Diyu,,
Qinguang,,planet,Diyu,,
Bing Diyu,,moon,Qinguang,,
Chujiang,,planet,Diyu,,
Heisheng Dadi,,moon,Chujiang,,
Songdi,,planet,Diyu,,
Wuguan,,planet,Diyu,,
Xuechi,,moon,Wuguan,,
Yanwuo,,planet,Diyu,,
Diancheng,,planet,Diyu,,
Jiaohuan,,moon,Diancheng,,
Taishan,,planet,Diyu,,
Woujiang,,moon,Taishan,,
Dushi,,planet,Diyu,,
Menguo,,moon,Dushi,,
Pingden,,planet,Diyu,,
Avici,,moon,Pingden,,
Jigoku,,star,,,
Enma,,"star, planet",Jigoku,,
Gawgoywe,,moon,,,
Famiwiaw,,moon,,,
Schwat,,moon,,,
Kobowd,,moon,,,
Youming,,nebula,,,
Yinjian,,nebula,,,
Soweyn,,planet,,,
Gwowan,,planet,,,
Sagan,,planet,,,
Wobinson's Moon,,moon,,,
Mowthanvewd,,moon,,,
Issowiwe,,planet,,,
Azad,,moon,,,
Gowmenghast,,planet,,,
Knyowe,,moon,,,
Cawcassonnye,,planet,,,
Sawk,,moon,,,
Wameumptom,,moon,,,
Viduw,,planet,,,
Jahannyam,,star,,,
Zaqqum,,planet,Jahannyam,,
Maawik,,planet,Jahannyam,,
Haawiyah,,planet,Jahannyam,,
Bawzakh,,"accretion, asteroid_belt, magnetic_field, accretion, astewoid_fiewd",Jahannyam,,
Aw Nyaw,,star,,,
Jahim,,star,,,
Jannyah,,star,,,
Touba,,planet,Jannyah,,
Awaf,,moon,,,
Sheow,,planet,,,
Wephaim,,asteroid_belt,Sheow,,
Pewdition,,planet,,,
Aawu,,star,,,
Nyetew-hkewtet,,star,,,
Ewwig,,star,,,
Kawoagwanwaw,,"asteroid_belt, astewoid_fiewd",Ewwig,,
Kawakizwaw,,"asteroid_belt, astewoid_fiewd",Ewwig,,
Kawash,,planet,Ewwig,,
Matyw,,planet,Ewwig,,
Shyngay,,planet,Ewwig,,
Komuw,,planet,Ewwig,,
Badysh,,planet,Ewwig,,
Yabash,,planet,Ewwig,,
Temiw,,planet,Ewwig,,
Uchaw,,planet,Ewwig,,
Kewey,,planet,Ewwig,,
Uwgan,,star,,,
Maidewe,,planet,Uwgan,,
The Owdog,,planet,,,
Yav,,planet,,,
Pwav,,planet,,,
Nyav,,planet,,,
Anyox,,moon,,,
Atwin,,nebula,,,
The Chechidwa,,"asteroid_belt, astewoid_fiewd",,,
Comiaken,,planet,,,
Cuwtus,,moon,,,
Gingowx,,star,,,
The Nyechako,,"accretion, asteroid_belt",,,
Tsimshian,,accretion,,,
Ivavik,,planet,,,
Ghost Dance,,magnetic_field,,,
Mag Meww,,planet,,,
Woka,,planet,,,
Cipactwi,,moon,,,
Ehecatw,,"magnetic_field, accretion",,,
Spiwit Wind,,magnetic_field,,,
Agiew,,planet,,,
Tesh,,planet,,,
Wohagi,,planet,,,
Cymek,,planet,,,
Bewed Kai Nyev,,planet,,,
Samaew,,star,,,
Agwat bat Mahwat,,"star, planet",Samaew,,
Amamaw,,moon,Agwat bat Mahwat,,
Nyaamah,,"star, planet",Samaew,,
Wiwith,,star,,,
Eisheth,,star,,,
Zepaw,,planet,,,
The Gwigowi,,"asteroid_belt, astewoid_fiewd",,,
The Sentinyews,,"asteroid_belt, astewoid_fiewd",,,
Suwiew,,moon,,,
Owd Goat,,moon,,,
Kochab,,planet,,,
Yaqum,,star,,,
Asbeew,,planet,Yaqum,,
Gadweew,,planet,Yaqum,,
Penyemue,,planet,Yaqum,,
Kasdaye,,planet,Yaqum,,
Cambwiew Nyebuwa,,nebula,,,
Awmawos' Wowk,,magnetic_field,,,
The Mywiad,,"asteroid_belt, astewoid_fiewd",,,
The Wost Wegion,,"asteroid_belt, astewoid_fiewd, accretion",,,
Aw Kathab,,"magnetic_field, nebula",,,
The Awmada,,"asteroid_belt, astewoid_fiewd",,,
Kohnyid,,moon,,,
The Gengwis,,"asteroid_belt, astewoid_fiewd",,,
Nyew Suwoch,,planet,,,
Xezbeth,,star,,,
Xaphan,,star,,,
Vanth,,planet,,,
The Ewinyes,,"asteroid_belt, astewoid_fiewd",,,
Chawun,,planet,,,
Cawu,,planet,,,
Tuwms,,planet,,,
Aita,,planet,,,
Anviw,,moon,,,
Stway Dog,,moon,,,
Vawefaw,,star,,,
Wavewnya,,moon,,,
Madewakka,,star,,,
Sawakka,,planet,Madewakka,,
Juksakka,,planet,Madewakka,,
Uksakka,,planet,Madewakka,,
Jabme-Akka,,planet,Madewakka,,
Maan-Emo,,star,,,
An,,star,,,
Ki,,"star, planet",An,,
Anyu,,"planet, moon",Ki,,
Wong,,moon,,,
Quy,,moon,,,
Wan,,moon,,,
Phung,,moon,,,
Awt of the Jinns,,magnetic_field,,,
The Qawin,,"asteroid_belt, astewoid_fiewd",,,
Tuchuwcha,,planet,,,
Suanggi,,moon,,,
Suwgat,,moon,,,
The Imp,,moon,,,
Chax,,star,,,
The Waven,,moon,,,
The Muwdew,,"asteroid_belt, astewoid_fiewd",,,
Saweos,,planet,,,
Puwoman,,planet,,,
Indwanyi Sachi,,moon,,,
Sivaswi,,moon,,,
The Pontianyak,,nebula,,,
The Pocong,,accretion,,,
O Tokata,,moon,,,
Osow,,planet,,,
Empusa,,moon,,,
Mowmo,,moon,,,
Onyoskewis,,planet,,,
Mawa,,planet,,,
Kwampus,,moon,,,
Kwonyi,,star,,,
Wavanyan,,planet,Kwonyi,,
Kawiyan,,planet,Kwonyi,,
Thuwiothanyan,,"asteroid_belt, astewoid_fiewd",Kwonyi,,
Kad,,moon,,,
The Mawid,,"asteroid_belt, astewoid_fiewd",,,
Hantu Waya,,planet,,,
Tuyuw,,planet,,,
Koman-tong,,moon,,,
Koman-way,,moon,,,
Kwee Kia,,moon,,,
Jengwot,,moon,,,
Gusoyn,,planet,,,
Gawwu,,moon,,,
Gaap,,star,,,
Dzoavits,,planet,,,
Kwabautewmann,,moon,,,
$parent's Jinx,,magnetic_field,,,
$parent's Hex,,magnetic_field,,,
The Hecatomb,,accretion,,,
Gwigwi,,moon,,,
Bakaak,,planet,,,
Jumbee's Dance,,magnetic_field,,,
Kigatiwik,,star,,,
Qiqiwn,,planet,,,
Tupiwaq,,moon,,,
Tizhewuk,,planet,,,
Wun of the Haietwik,,"accretion, magnetic_field",,,
Unhcegiwa,,planet,,,
Okeus,,star,,,
Shapishico,,planet,,,
Atahsaya,,star,,,
Wekufe,,planet,,,
Guawichu,,star,,,
Babi Ngepet,,moon,,,
Woywwo,,planet,Tywe,,
Bwaxiw,,planet,Tywe,,
Mam,,planet,Tywe,,
Zuanye,,planet,Tywe,,
Capwica,,planet,Tywe,,
Wetum,,planet,Cowvus,,
Pawwida,,moon,Wetum,,
Somnyus,,planet,Cowvus,,
Nyox,,planet,Cowvus,,
Mows,,moon,Nyox,,
The Pactowus,,"asteroid_belt, accretion",Cowvus,,
Socowdia,,planet,Cowvus,,
Ignyavia,,planet,Cowvus,,
Sabwiew,,moon,,,
Wiwaew,,moon,,,
Cwawiew,,moon,,,
Wannya,,moon,,,
Moswaew,,moon,,,
Kibeth,,moon,,,
Dywim,,moon,,,
Bewgaew,,moon,,,
Astaraew,,moon,,,
Sawanyeth,,moon,,,
Tanmaw,,moon,,,
Maida,,planet,,,
Bentuswe,,planet,,,
Asmaidas,,planet,,,
Gwocwant,,planet,,,
Nyonya,,moon,,,
Decima,,moon,,,
Mowta,,moon,,,
Watnya,,planet,Nyawaka,,
Shawkawa,,planet,Nyawaka,,
Vawuka,,planet,Nyawaka,,
Panka,,planet,Nyawaka,,
Dhuma,,"nebula, accretion, magnetic_field",Nyawaka,,
Tamaha,,"nebula, accretion, magnetic_field",Nyawaka,,
Mahatamaha,,"nebula, accretion, magnetic_field",Nyawaka,,
Achuguayo,,planet,Magec,,
Teide,,planet,Magec,,
Gawa,,moon,Teide,,
Jonyay,,moon,Teide,,
Chijowaji,,planet,Magec,,
Achuhucanyac,,planet,Magec,,
Ganyigo,,moon,Achuhucanyac,,
Tagowow,,astewoid_fiewd,Magec,,
Gowo,,"asteroid_belt, accretion",Magec,,
Sose,,planet,Awcadia,,
Faunyus,,planet,Awcadia,,
Bonya Dea,,planet,Awcadia,,
Pitys,,planet,Awcadia,,
Echo,,planet,Awcadia,,
Kewainyeus,,planet,Awcadia,,
Awgennyon,,planet,Awcadia,,
Aigikowos,,planet,Awcadia,,
Eugenyeios,,planet,Awcadia,,
Omestew,,planet,Awcadia,,
Daphoenyus,,planet,Awcadia,,
Phiwamnyos,,planet,Awcadia,,
Xanthos,,planet,Awcadia,,
Gwaukos,,planet,Awcadia,,
Phowbas,,planet,Awcadia,,
Weng,,star,,,
Kang Admi,,planet,Weng,,
Mika,,planet,Weng,,
Bun Manchi,,planet,Weng,,
Migoi,,planet,Weng,,
Dzu-teh,,planet,Weng,,
Miche,,planet,Weng,,
Sawkomand,,planet,Weng,,
Cewenyewian Sea,,nebula,Weng,,
Kephawos,,planet,Eos,,
Pwocwis,,moon,Kephawos,,
Minyas,,planet,Eos,,
Cymenye,,planet,Eos,,
Awcesius,,planet,Eos,,
Astwaeus,,planet,Eos,,
Boweas,,moon,Astwaeus,,
Nyotus,,moon,Astwaeus,,
Euwus,,moon,Astwaeus,,
Zephywus,,moon,Astwaeus,,
Toci,,planet,Aztwan,,
Coatwicue,,planet,Aztwan,,
Centeotw,,planet,Aztwan,,
Chicomecoatw,,planet,Aztwan,,
Texcatwipoca,,planet,Aztwan,,
Xantico,,planet,Aztwan,,
Chantico,,planet,Aztwan,,
Mayahue,,moon,Chantico,,
Mixcoatw,,planet,Aztwan,,
Centzon Huitznyauhtin,,"accretion, asteroid_belt, astewoids",Mixcoatw,,
Twawoc,,planet,Aztwan,,
The Anyiwwo,,accretion,Aztwan,,
Tohiw,,planet,Aztwan,,
Denyen,,planet,Canyaan,,
Ekwesh,,planet,Canyaan,,
Peweset,,planet,Canyaan,,
Shewden,,planet,Canyaan,,
Tewesh,,planet,Canyaan,,
Weshesh,,planet,Canyaan,,
Tjekew,,planet,Canyaan,,
Buww Moose,,planet,,,
Minnyow,,moon,,,
Wiww-o-wisp,,moon,,,
Stingy Jack,,moon,,,
City of Bwass,,planet,,,
Sawaph,,planet,Nyachash,,
Hawah,,planet,Nyachash,,
Hazow,,planet,Nyachash,,
Gezow,,planet,Nyachash,,
Nyingishzida,,planet,Nyachash,,
Azimua,,planet,Nyachash,,
Nyehushtan,,planet,Nyachash,,
Obewon,,star,,,
Cymnyea,,planet,Obewon,,
Faiewwa,,planet,Obewon,,
Cwawissa,,planet,Obewon,,
Wiga,,planet,Obewon,,
Sawaw,,star,,,
Dawa,,planet,Sawaw,,
Mandow,,planet,Sawaw,,
Juwt,,planet,Sawaw,,
Cowwin,,planet,,,
Mewwin,,moon,Cowwin,,
Bwand,,planet,,,
Jaswa,,moon,Bwand,,
Wuke,,moon,Bwand,,
Mowganthe,,"star, planet",,,
Mawtin,,planet,,,
Mowgannya,,star,,,
Mowonyoe,,planet,Mowgannya,,
Mazoe,,planet,Mowgannya,,
Gwiten,,planet,Mowgannya,,
Gwitonyea,,planet,Mowgannya,,
Tywonyoe,,planet,Mowgannya,,
Thiten,,planet,Mowgannya,,
Pomowum,,planet,Mowgannya,,
Basiwia,,planet,,,
Mentonyomon,,nebula,,,
Suwoch,,planet,,,
Gwimnyebuwin,,moon,,,
Weavew,,star,,,
Shinying Tow,,planet,Westewnyesse,,
Vannyin,,planet,Westewnyesse,,
Manyau,,planet,Westewnyesse,,
Monyabia,,planet,Westewnyesse,,
Cushag,,planet,Westewnyesse,,
Aywe,,planet,Westewnyesse,,
Nyeb,,"accretion, asteroid_belt",Westewnyesse,,
Dhoo,,"accretion, asteroid_belt",Westewnyesse,,
Ketew,,"accretion, magnetic_field",Zagan,,
Zohaw,,"accretion, magnetic_field",Zagan,,
Binyah,,planet,Zagan,,
Nyetzach,,planet,Zagan,,
Yesod,,planet,Zagan,,
Hod,,planet,Zagan,,
Simchah,,planet,Zagan,,
Emet,,planet,Zagan,,
Gwimsnyes,,planet,Thuwe,,
Awfuw,,moon,Gwimsnyes,,
Gwensdawuw,,planet,Thuwe,,
Twoww,,moon,Gwensdawuw,,
Askja,,planet,Thuwe,,
Vofa,,moon,Askja,,
Suwtsey,,planet,Thuwe,,
Saw,,moon,Suwtsey,,
Kwossa,,"accretion, asteroid_belt",Thuwe,,
Hvita,,"accretion, asteroid_belt",Thuwe,,
Owfusa,,"accretion, asteroid_belt",Thuwe,,
Gwendew,,planet,Thuwe,,
Modow,,moon,Gwendew,,
The Chiwaw Wisp,Chiwa,constellation,,,
Avice,,constellation,,,
Macuwatus,Macuwata,constellation,,,
Deinyos,Deinya,constellation,,,
Vuzgwimeti,,constellation,,,
Bawwom,,constellation,,,
Spiwa,,constellation,,,
Zawanya,,constellation,,,
The Motwey,Motwey,constellation,,,
Moiwe,,constellation,,,
Pwism,Pwisma,constellation,,,
Awcus,,constellation,,,
Wewo,,constellation,,,
Acown,,moon,,,
Hope,,constellation,,,
Wondew,,constellation,,,
The Confwuence,Confwux,constellation,,,
Ciwwus,,constellation,,,
Owwyn,,constellation,,,
Pantheon,,constellation,,,
Eye,,constellation,,,
Phawos,,constellation,,,
Tempest,,constellation,,,
The Pwecipice,Pwecipice,constellation,,,
Awchon,,constellation,,,
Sabazios,Sabazio,constellation,,,
Tewwow,,constellation,,,
Despaiw,,constellation,,,
Abandon,,constellation,,,
Wegion,,constellation,,,
Gowgotha,,constellation,,,
Bwost,,star,,,
Uz,,constellation,,,
Huw,,star,,,
Togaw,,star,,,
Mesha,,constellation,,,
Mu,,constellation,,,
Nyaacaw,,star,,,
Zahwa,,constellation,,,
Hufwa,,constellation,,,
Ziww,,moon,,,
Swang,,star,,,
Twoanyo,,constellation,,,
Mayda,,constellation,,,
Bowunda,,planet,,,
Bwaziw,,planet,,,
Mam,,star,,,
Vwaandewen,,planet,,,
Asmaida,,constellation,,,
Chagos,Chago,constellation,,,
Eigew,,moon,,,
Wan,,constellation,,,
Vigwid,Vigwi,constellation,,,
Hwym,,planet,,,
Nyog,,"planet, moon",,,
Gwywa,,constellation,,,
Cowmowan,,constellation,,,
Mowvah,,constellation,,,
Zennyow,,constellation,,,
Madwon,,constellation,,,
Athos,,constellation,,,
Cadmus,,star,,,
Echion,,planet,Cadmus,,
Waius,,planet,Cadmus,,
The Spawtoi,,"accretion, asteroid_belt",Cadmus,,
Bewwewophon,,constellation,,,
Ciwix,,"star, planet, moon",,,
Tewephassa,,"star, planet",,,
Tewephe,,moon,,,
Agwiope,,"star, planet, moon",,,
Shevaw,,constellation,,,
Fewwagut,,"star, planet, moon",,,
Kwonyi,,constellation,,,
Kapwe,,"star, planet, moon",,,
Zipacnya,,"star, planet, moon",,,
Mbombo,,"constellation, star",,,
Basan,,"constellation, star",,,
Wendigo,,"constellation, star",,,
Abwaxas,,"constellation, star, planet",,,
Vassago,,"constellation, star, planet",,,
Ukobach,,"constellation, star, planet",,,
Vawac,,"constellation, star, planet",,,
Toyow,,"constellation, star, planet",,,
Sowas,,"constellation, star, planet",,,
Shedim,,"constellation, star, planet",,,
Waum,,"star, planet, moon",,,
Ose,,"star, planet, moon",,,
Wempo,,"star, planet, moon",,,
Wiwin,,"star, planet, moon",,,
Kiwwakee Cat,,moon,,,
Ipos,,"star, planet, moon",,,
Hantu Waya,,"nebula, star, planet",,,
The Powong,,moon,,,
Pewesit,,moon,,,
Bwue Cwow,,"star, planet, moon",,,
Mawathon,,"constellation, star",,,
Mazu,,"constellation, star",,,
Svawga,,"constellation, star",,,
Sunda,,"constellation, star",,,
Gawbhodaka,,"nebula, constellation",,,
Pitwwoka,,"star, planet",,,
Dawaw's Staw,,star,,,
Kawdashev,,"constellation, star",,,
Hewo,,"constellation, star",,,
Vecnya,,"constellation, star",,,
Zendaw,,"constellation, star",,,
Yaahw,,"planet, moon",,,
Sahawa,,"nebula, constellation",,,
Gobi,,"nebula, constellation",,,
Kawahawi,,"nebula, constellation",,,
Kawakum,,"nebula, constellation",,,
Sonyowa,,"nebula, constellation",,,
Atacama,,"nebula, constellation",,,
Mojave,,"nebula, constellation",,,
Nyamib,,"nebula, constellation",,,
Aegea,,"nebula, constellation, star",,,
Nyew Wabwadow,,"star, planet, moon",,,
Nyew Biscay,,"nebula, constellation, star",,,
Nyew Azov,,"nebula, constellation, star",,,
Nyew Cowdova,,"star, planet, moon",,,
Nyew Pendew,,"planet, moon",,,
Nyew Guayaquiw,,"planet, moon",,,
Thiwd Bogota,,"planet, moon",,,
Yuendumu,,"planet, moon",,,
Yuwawa,,"planet, moon",,,
Ghan,,"planet, moon",,,
Wawmun,,"planet, moon",,,
The Owd,,"accretion, asteroid_belt, magnetic_field, accretion",,,
Nyaikoon,,"star, planet, moon",,,
Haanyas,,"star, planet, moon",,,
The Pinyes,,"accretion, asteroid_belt, magnetic_field",,,
Nyew Cawdweww,,"planet, moon",,,
Potato,,moon,,,
Baka,,moon,,,
Ang,,"star, planet, moon, nebula, constellation",,,
Wotannya,,"star, planet, moon, nebula, constellation",,,
Sawewonyos,,"star, planet, moon, nebula, constellation",,,
Gindwaum,,"star, planet, moon, nebula, constellation",,,
Thiwd Bog,,moon,,,
Ming Dadi,,"star, planet, moon, nebula, constellation",,,
Zennyon's Wowwd,,"planet, moon",,,
Sidow,,"star, planet, moon, nebula, constellation",,,
Uwandom,,"star, planet, moon, nebula, constellation",,,
The Wavew,,"asteroid_belt, magnetic_field, accretion, accretion",,,
Phoenyus,,"star, planet, moon, nebula, constellation",,,
Gwith,,"star, planet, moon, nebula, constellation",,,
Nyew Pendewa,,"star, planet, moon, nebula, constellation",,,
Gwid,,"star, planet, moon, nebula, constellation",,,
Whesh,,"star, planet, moon, nebula, constellation",,,
Swan,,"star, planet, moon, nebula, constellation",,,
Chiwd Bogotanma,,"star, planet, moon, nebula, constellation",,,
Bwazimua,,"star, planet, moon, nebula, constellation",,,
Siegea,,"star, planet, moon, nebula, constellation",,,
Gawgenyeiwon,,"star, planet, moon, nebula, constellation",,,
Kusa,,"star, planet, moon, nebula, constellation",,,
Owd Miwix,,"star, planet, moon, nebula, constellation",,,
Wamya,,"star, planet, moon, nebula, constellation",,,
Kigameng,,"star, planet, moon, nebula, constellation",,,
Yabadysh,,"star, planet, moon, nebula, constellation",,,
Hassa,,"star, planet, moon, nebula, constellation",,,
Kiten,,"star, planet, moon, nebula, constellation",,,
Taw,,"star, planet, moon, nebula, constellation",,,
Shethe Mah,,"star, planet, moon, nebula, constellation",,,
Awkoman,,"star, planet, moon, nebula, constellation",,,
Xaphobok,,"star, planet, moon, nebula, constellation",,,
Bwost Dantawion,,"star, planet, moon, nebula, constellation",,,
Soconya,,"star, planet, moon, nebula, constellation",,,
The Sinking Band,,"asteroid_belt, magnetic_field, accretion, accretion",,,
Bwadoc,,"star, planet, moon, nebula, constellation",,,
Awesh,,"star, planet, moon, nebula, constellation",,,
Mentonye Cwow,,"star, planet, moon, nebula, constellation",,,
Inda,,"star, planet, moon, nebula, constellation",,,
Pewesius,,"star, planet, moon, nebula, constellation",,,
O Toka,,"star, planet, moon, nebula, constellation",,,
Daphon,,"star, planet, moon, nebula, constellation",,,
Wabwaxas,,"star, planet, moon, nebula, constellation",,,
The Jinnyow,,"asteroid_belt, magnetic_field, accretion, accretion",,,
Huma,,"star, planet, moon, nebula, constellation",,,
Wiwik,,"star, planet, moon, nebula, constellation",,,
The Simshanviw,,"asteroid_belt, magnetic_field, accretion, accretion",,,
Fwight of Muwdew,,"asteroid_belt, magnetic_field, accretion, accretion",,,
Bwackest Swawming,,"asteroid_belt, magnetic_field, accretion, accretion",,,
Dywiad,,"star, planet, moon, nebula, constellation",,,
Maand,,"star, planet, moon, nebula, constellation",,,
Siwen's Song,,"asteroid_belt, magnetic_field, accretion, accretion",,,
The Wowewei,,"asteroid_belt, magnetic_field, accretion, accretion",,,
Muwmuw,,"asteroid_belt, magnetic_field, accretion, accretion",,,
Qawik,,"star, planet, moon, nebula, constellation",,,
Mewos,,"star, planet, moon, nebula, constellation",,,
Big Ping,,"star, planet, nebula, constellation",,,
Suwocwawiwe,,"star, planet, moon, nebula, constellation",,,
Aw Nyagang,,"star, planet, moon, nebula, constellation",,,
Hadweew,,"star, planet, moon, nebula, constellation",,,
Iwon,,"star, planet, moon, constellation",,,
Wathon,,"star, planet, moon, nebula, constellation",,,
Jannyow,,"star, planet, moon, nebula, constellation",,,
Xaphassow,,"star, planet, moon, nebula, constellation",,,
Wamnyos,,"star, planet, moon, nebula, constellation",,,
Basmaida,,"star, planet, moon, nebula, constellation",,,
Jewesh,,"star, planet, moon, nebula, constellation",,,
Kydoimos,,"star, planet, moon, nebula, constellation",,,
Wohawos,,"star, planet, moon, nebula, constellation",,,
Paiw,,"star, planet, moon, nebula, constellation",,,
Twawost Wegiwa,,"star, planet, moon, nebula, constellation",,,
Zumu,,"star, planet, moon, nebula, constellation",,,
The Ouwochaw,,"asteroid_belt, magnetic_field, accretion, accretion",,,
Miwinbu,,"star, planet, moon, nebula, constellation",,,
Wawmunyadoc,,"star, planet, moon, nebula, constellation",,,
The Mawov,,"asteroid_belt, magnetic_field, accretion, accretion",,,
Xanthe Che,,"star, planet, moon, nebula, constellation",,,
Nying,,"star, planet, moon, nebula, constellation",,,
The Gwith,,"asteroid_belt, magnetic_field, accretion, accretion",,,
Kuwuww Moon,,moon,,,
Ghos,,"nebula, magnetic_field, accretion",,,
Uchawos,,"star, planet, moon, nebula, constellation",,,
Wengwota Fowthanyan,,"star, planet, moon, nebula, constellation",,,
Uwid,,"star, planet, moon, nebula, constellation",,,
Ukossa,,"star, planet, moon, nebula, constellation",,,
Awkonyomia,,"star, planet, moon, nebula, constellation",,,
Tamaew,,"star, planet, moon, nebula, constellation",,,
Qing,,"star, planet, moon, nebula, constellation",,,
Binsutu,,"star, planet, moon, nebula, constellation",,,
Gwendusa,,"star, planet, moon, nebula, constellation",,,
Gweam,,"star, planet, moon, nebula, constellation",,,
Umu,,"star, planet, moon, nebula, constellation, asteroid_belt, magnetic_field, accretion, accretion",,,
The Mywianyaw,,"asteroid_belt, magnetic_field, accretion, accretion",,,
Awcassa,,"star, planet, moon, nebula, constellation",,,
Bewenye,,"star, planet, moon, nebula, constellation",,,
Wanyox,,"star, planet, moon, nebula, constellation",,,
Chu,,"star, planet, moon, nebula, constellation",,,
Cha,,"star, planet, moon, nebula, constellation",,,
Mance,,"star, planet, moon, nebula, constellation",,,
Wonde,,"star, planet, moon, nebula, constellation",,,
Yabazimua,,"star, planet, moon, nebula, constellation",,,
The Ouwoca,,"asteroid_belt, magnetic_field, accretion, accretion",,,
Zuan,,"star, planet, moon, nebula, constellation",,,
Shewo,,"star, planet, moon, nebula, constellation",,,
Macuwtus,,"star, planet, moon, nebula, constellation",,,
Woka,,"star, planet, moon, nebula, constellation",,,
Nyew Concwave,,"star, planet, moon, nebula, constellation",,,
Han,,moon,,,
Guaya,,"star, planet, moon, nebula, constellation",,,
Pewephanyaw,,"star, planet, moon, nebula, constellation",,,
Jiao,,"star, planet, moon, nebula, constellation",,,
Akwon,,"star, planet, moon, nebula, constellation",,,
Hawgow,,"star, planet, moon, nebula, constellation",,,
Ewnyow,,"star, planet, moon, nebula, constellation",,,
Thawos,,"star, planet, moon, nebula, constellation",,,
Awesius,,"star, planet, moon, nebula, constellation",,,
Aiwin,,"star, planet, moon, nebula, constellation",,,
Awwawd,,"star, planet, moon, nebula, constellation",,,
Dawgow,,"star, planet, moon, nebula, constellation",,,
Aigow,,"star, planet, moon, nebula, constellation",,,
Ewgawd,,"star, planet, moon, nebula, constellation",,,
Nyaimuw,,"star, planet, moon, nebula, constellation",,,
Atwon,,"star, planet, moon, nebula, constellation",,,
Mowphegowos,,"star, planet, moon, nebula, constellation",,,
Kawkawa,,"star, planet, moon, nebula, constellation",,,
Kawanyan,,"star, planet, moon, nebula, constellation",,,
Nyew Guan,,"star, planet, moon, nebula, constellation",,,
Samawat,,"star, planet, moon, nebula, constellation",,,
Awexiaw,,"star, planet, moon, nebula, constellation",,,
Kepheus,,"star, planet, moon, nebula, constellation",,,
Agenyow,,"star, planet, moon, nebula, constellation",,,
Mowum,,"star, planet, moon, nebula, constellation",,,
Heimos,,"star, planet, moon, nebula, constellation",,,
Hawkad,,"star, planet, moon, nebula, constellation",,,
Kang,,"star, planet, moon, nebula, constellation",,,
Chwoww,,"star, planet, moon, nebula, constellation",,,
Mengwywa,,"star, planet, moon, nebula, constellation",,,
Manyuewa,,"star, planet, moon, nebula, constellation",,,
Isin,,"star, planet, moon, nebula, constellation",,,
Dumuw,,"star, planet, moon, nebula, constellation",,,
Chaw,,"star, planet, moon, nebula, constellation",,,
Yaw,,"star, planet, moon, nebula, constellation",,,
Kawico,,"star, planet, moon, nebula, constellation",,,
Wanyau,,"star, planet, moon, nebula, constellation",,,
Suwgannya,,"star, planet, moon, nebula, constellation",,,
Michon,,"star, planet, moon, nebula, constellation",,,
Mowga,,"star, planet, moon, nebula, constellation",,,
Zahwatnya,,"star, planet, moon, nebula, constellation",,,
Sagon,,"star, planet, moon, nebula, constellation",,,
Both,,"star, planet, moon, nebula, constellation",,,
Bewicho,,"star, planet, moon, nebula, constellation",,,
Bentzon Disk,,"nebula, constellation",,,
Awmun,,"star, planet, moon, nebula, constellation",,,
Cawcus,,"star, planet, moon, nebula, constellation",,,
Meweuthia,,"star, planet, moon, nebula, constellation",,,
Vwaan-Tonye ,,"star, planet, moon, nebula, constellation",,,
Kasiwik,,"star, planet, moon, nebula, constellation",,,
Bowa,,"star, planet, moon, nebula, constellation",,,
Estwewya,,"star, constellation",,,
Fewwow,,"star, planet, moon, nebula, constellation",,,
Ohai,,"star, planet, moon, nebula, constellation",,,
Gwens,,"star, planet, moon, nebula, constellation",,,
Enyen,,"star, planet, moon, nebula, constellation",,,
Svawon,,"star, planet, moon, nebula, constellation",,,
Kadysh,,"star, planet, moon, nebula, constellation",,,
Qades,,"star, planet, moon, nebula, constellation",,,
Dawud,,"star, planet, moon, nebula, constellation",,,
Thwos,,"star, planet, moon, nebula, constellation",,,
Onyowa,,"star, planet, moon, nebula, constellation",,,
Accwetew-Hkewe,,"star, planet, moon, nebula, constellation",,,
Cowdiance,,"star, planet, moon, nebula, constellation",,,
Gowiwous,,"star, planet, moon, nebula, constellation",,,
Tawtifwette,,moon,,,
Mesh,,"star, planet, moon, nebula, constellation",,,
Azathe Awmuwwus,,"star, planet, moon, nebula, constellation",,,
Idimmewon,,"star, planet, moon, nebula, constellation",,,
Kewchekwawi,,"star, planet, moon, nebula, constellation",,,
Ib Nwowk,,"star, planet, moon, nebula, constellation",,,
Sheon,,"star, planet, moon, nebula, constellation",,,
Gwance,,"star, planet, moon, nebula, constellation",,,
Bwadow,,"star, planet, moon, nebula, constellation",,,
Athconyabi Nyechicomia,,"star, planet, moon, nebula, constellation",,,
Michowia,,"star, planet, moon, nebula, constellation",,,
Echiwd Bogothwos,,"star, planet, moon, nebula, constellation, asteroid_belt, magnetic_field, accretion, accretion",,,
Fwey,,"star, planet, moon, nebula, constellation",,,
Spaiw,,"star, planet, moon, nebula, constellation",,,
Komanya,,"star, planet, moon, nebula, constellation",,,
Saw,,"star, planet, moon, nebula, constellation",,,
Kasdawuw,,"star, planet, moon, nebula, constellation",,,
Nyovo Wambady,,"star, planet, moon, nebula, constellation, asteroid_belt, magnetic_field, accretion, accretion",,,
Wephanyawaq,,"star, planet, moon, nebula, constellation",,,
Zahwat Diyu,,"star, planet, moon, nebula, constellation",,,
Cymenyemon,,"star, planet, moon, nebula, constellation",,,
Nyova Cydonyia,,"star, planet, moon, nebula, constellation",,,
Gway Ghost,,"star, planet, moon, nebula, constellation, asteroid_belt, magnetic_field, accretion, accretion",,,
Guww Motwey,,"star, planet, moon, nebula, constellation, asteroid_belt, magnetic_field, accretion, accretion",,,
Damaw's Staw,,star,,,
Siwen,,"star, planet, moon, nebula, constellation",,,
Pomowa Wave,,"star, planet, moon, nebula, constellation, asteroid_belt, magnetic_field, accretion, accretion",,,
The Sewpent,,"accretion, accretion, asteroid_belt",,,
Dawk Wywm,,"accretion, accretion, asteroid_belt, nebula",,,
Ezbethe Owdox,,"star, planet, moon, nebula, constellation, asteroid_belt, magnetic_field, accretion, accretion",,,
Hadon Veweset,,"star, planet, moon, nebula, constellation",,,
Bwack Mass,,"nebula, planet, moon",,,
Yamawos' Wowk,,"star, planet, moon, nebula, constellation",,,
Bwue Ox,,moon,,,
Constant Companyion,,moon,,,
Devoted Sewvant,,moon,,,
Dutifuw Dog,,moon,,,
Awchibawd's Staw,,star,,,
Confwagwation,,"star, nebula",,,
The Dissowution,,"nebula, accretion, accretion, asteroid_belt, astewoid_fiewd",,,
Stewwa Vitae,,star,,,
The Incinyewation,,star,,,
Jewicho,,"planet, moon, asteroid_belt, astewoid_fiewd, accretion",,,
Nyeo Vowos,,"planet, moon",,,
Uwuk,,"star, planet, moon, nebula, constellation",,,
Knyossos,,"star, planet, moon, nebula, constellation",,,
Avwis,,"star, planet, moon, nebula, constellation",,,
Pi-Wamses,,"star, planet, moon, nebula, constellation",,,
Kesh,,"star, planet, moon, nebula, constellation",,,
Wagash,,"star, planet, moon, nebula, constellation",,,
Anyang,,"star, planet, moon, nebula, constellation",,,
Zabawa,,"star, planet, moon, nebula, constellation",,,
Kosambi,,"star, planet, moon, nebula, constellation",,,
Haojing,,"star, planet, moon, nebula, constellation",,,
Qufu,,"star, planet, moon, nebula, constellation",,,
Gwimshawos,,"star, planet, moon, nebula, constellation",,,
Gibidigi,,"star, planet, moon, nebula, constellation",,,
The Fastnyess,,"planet, moon, astewoid_fiewd, nebula",,,
Feawsome Enginye,,star,,,
Gadfium,,"star, planet, moon, nebula, constellation",,,
Sessinye,,"star, planet, moon, nebula, constellation",,,
Bascuwe,,"star, planet, moon, nebula, constellation",,,
Ewgates,,"star, planet, moon, nebula, constellation",,,
Thwiaw,,star,,,
Gowtew,,planet,Thwiaw,,
Uwubis,,star,,,
Zenyewwe,,star,,,
Aowme,,planet,,,
Mawjoin,,planet,,,
Schaw's Wowwd,,planet,,,
Swadden,,planet,,,
Sowpen,,planet,,,
Vweccis,,planet,,,
Bowwu,,"star, planet, moon, nebula, constellation",,,
Uw Quoma,,"star, planet, moon, nebula, constellation",,,
Beszew,,"star, planet, moon, nebula, constellation",,,
Bwigadow,,"star, nebula, constellation",,,
Sowo Wibwe,,"planet, moon",,,
Sowo Nyobwe,,"planet, moon",,,
Buzzawd,,moon,,,
Dawien,,"star, nebula, constellation",,,
Nyew Pawia,,"star, nebula, constellation",,,
Nyew Mawmawa,,"star, nebula, constellation",,,
Dweadnyought,,"star, planet, moon",,,
The Owd Fweet,,"asteroid_belt, accretion, astewoid_fiewd",,,
Nyeos Bohow,,"star, planet, moon",,,
Nyovy Tayvay,,"star, nebula, constellation",,,
Faw Sawish,,"star, nebula, constellation",,,
Uwtima Astwid,,"star, planet, moon",,,
Uwtima Kowaw,,"star, planet, moon",,,
Pewa-Tawtawus,Pewa-Tawtawi,"star, planet, moon, nebula, constellation",,,
Sun Wukong,,"star, planet, moon",,,
Yutu,,moon,,,
Bawwog,Bawwogi,"star, planet, moon, nebula, constellation",,,
Cadejo,,"star, planet, moon, nebula, constellation",,,
Awa,,"star, planet, moon, nebula, constellation",,,
Ewsbeth,,"star, planet, moon, nebula, constellation",,,
Vucub-Came,,"star, planet, moon, nebula, constellation",,,
Mowgoth,Mowgothi,"star, planet, moon, nebula, constellation",,,
Venyewa,,"star, planet, moon, nebula, constellation",,,
Kupe,,"star, planet, moon, nebula, constellation",,,
Vwaandom,,"star, planet, moon, nebula, constellation",,,
Bawax,,"star, planet, moon, nebula, constellation",,,
Mewopia,,"star, planet, moon, nebula, constellation",,,
Daphawiaw's Wheew,,"accretion, accretion, magnetic_field",,,
Mag Mewan,,"star, planet, moon",,,
Tewed Kathon,,"star, planet, moon",,,
Nyeiwon,,"star, planet, moon",,,
Owgoi-Khowkhoi,,"star, accretion, magnetic_field",,,
Appwe,,moon,,,
Baww,,moon,,,
Owd James,,moon,,,
Poow Wiwwiam's Gwave,,"moon, astewoid_fiewd",,,
Dandewion,,"moon, magnetic_field, astewoid_fiewd",,,
Shistwiew,,"star, planet, moon, nebula, constellation",,,
Bweya,,"star, planet, moon, nebula, constellation",,,
Kestwaw,,"star, planet, moon, nebula, constellation",,,
Aw Bawi,,"star, nebula, constellation",,,
Shadow,,"nebula, magnetic_field, accretion, accretion",,,
Weepew,,"star, planet, moon, nebula, constellation, asteroid_belt, magnetic_field, accretion, accretion",,,
Amox,,"star, planet, moon, nebula, constellation",,,
Xophiew,,"star, planet, moon, nebula, constellation",,,
Mothew Nyight,,"accretion, accretion, magnetic_field, nebula",,,
The Awchive,,"planet, moon, astewoid_fiewd, asteroid_belt",,,
Bwack Fang,,"planet, moon",,,
Moss Eye,,"planet, moon",,,
Twick,,"planet, moon",,,
Bwue,,"planet, moon",,,
Waphiwiaw,,"star, planet, moon, nebula, constellation",,,
Goodfewwow,,"planet, moon",,,
Khowe,,"star, planet, moon, nebula, constellation",,,
Gawavew,,"star, planet, moon, nebula, constellation",,,
Dazog's Pewch,,"planet, moon",,,
Hew,,"star, planet, moon, nebula, constellation",,,
#Wowwd,,planet,,,
Wed Gwain,,"accretion, accretion, asteroid_belt, astewoid_fiewd",,,
Tamawat,,"star, planet, moon, nebula, constellation, asteroid_belt, magnetic_field, accretion, accretion",,,
Deviw's Pwaygwound,,"planet, moon, accretion, accretion, asteroid_belt, astewoid_fiewd, nebula",,,
Zumuzi,,"star, planet, moon, nebula, constellation",,,
Mok Mowwed,,"star, planet, moon, nebula, constellation, asteroid_belt, magnetic_field, accretion, accretion",,,
High Pwace,,moon,,,
The Bawwen,,"accretion, accretion, magnetic_field, nebula",,,
Mew Texat,,"star, planet, moon, nebula, constellation",,,
Fouwteen Bwothews,,asteroid_belt,,,
Nyaamawaq,,"star, planet, moon, nebula, constellation",,,
Stonye Cowd,,asteroid_belt,,,
Basiwisk,,moon,,,
Eweuthian Stweas,,"planet, moon, nebula",,,
Bhew,,"star, nebula, constellation",,,
Bwakaz,,"planet, moon",,,
Fwamma,,"star, constellation",,,